compare,compare
Language,Language
Currency,Currency
cart,cart
Item,Item
Items,Items
Shopping Bag (1 items),Shopping Bag (1 items)
Shopping Bag (%s items),Shopping Bag (%s items)
View Cart,View Cart
No products sold yet. Products will be listed here after purchases are made...,No products sold yet. Products will be listed here after purchases are madeï¾…
No products found.,No products found.
Featured Products,Featured Products
Best Selling Products,Best Selling Products
new,new
sale,sale
Up-sell,Up-sell
Share with friends & Earn points,Share with friends & Earn points
Add to Compare,Add to Compare
Keep me logged in,Keep me logged in
Home,Home
Quick View,Quick View
View Product Details,View Product Details
